marzo,2-marzo-2020,2 ,03,20
marzo,9-marzo-2020,9 ,03,20
marzo,16-marzo-2020,16 ,03,20
marzo,23-marzo-2020,23 ,03,20
marzo,30-marzo-2020,30 ,03,20
abril,6-abril-2020,6 ,04,20
abril,13-abril-2020,13 ,04,20
abril,20-abril-2020,20 ,04,20
abril,27-abril-2020,27 ,04,20
mayo,4-mayo-2020,4 ,05,20
mayo,11-mayo-2020,11 ,05,20
mayo,18-mayo-2020,18 ,05,20
mayo,25-mayo-2020,25 ,05,20
junio,1-junio-2020,1 ,06,20
junio,8-junio-2020,8 ,06,20
junio,15-junio-2020,15 ,06,20
junio,22-junio-2020,22 ,06,20
junio,29-junio-2020,29 ,06,20
julio,6-jul.-2020,6,07,20
julio,13-jul.-2020,13,07,20
julio,20-jul.-2020,20,07,20
julio,27-jul.-2020,27,07,20
agosto,3-ago.-2020,3,08,20
agosto,10-ago.-2020,10,08,20
agosto,17-ago.-2020,17,08,20
agosto,24-ago.-2020,24,08,20
agosto,31-ago.-2020,31,08,20
septiembre,7-sept.-2020,7,09,20
septiembre,14-sept.-2020,14,09,20
septiembre,21-sept.-2020,21,09,20
septiembre,28-sept.-2020,28,09,20
octubre,5-oct.-2020,5,10,20
octubre,12-oct.-2020,12,10,20
octubre,19-oct.-2020,19,10,20
octubre,26-oct.-2020,26,10,20
noviembre,2-nov.-2020,2,11,20
noviembre,9-nov.-2020,9,11,20
noviembre,16-nov.-2020,16,11,20
noviembre,23-nov.-2020,23,11,20
noviembre,30-nov.-2020,30,11,20
diciembre,7-dic.-2020,7,12,20
diciembre,14-dic.-2020,14,12,20
diciembre,21-dic.-2020,21,12,20
diciembre,28-dic.-2020,28,12,20
enero,4-ene.-2021,4,01,21
enero,11-ene.-2021,11,01,21
enero,18-ene.-2021,18,01,21
enero,25-ene.-2021,25,01,21
febrero,1-feb.-2021,1,02,21
febrero,8-feb.-2021,8,02,21
febrero,15-feb.-2021,15,02,21
febrero,22-feb.-2021,22,02,21
marzo,1-mar.-2021,1,03,21
marzo,8-mar.-2021,8,03,21
marzo,15-mar.-2021,15,03,21
marzo,22-mar.-2021,22,03,21
marzo,29-mar.-2021,29,03,21
abril,5-abr.-2021,5,04,21
abril,12-abr.-2021,12,04,21
abril,19-abr.-2021,19,04,21
abril,26-abr.-2021,26,04,21
mayo,3-may.-2021,3,05,21
mayo,10-may.-2021,10,05,21
