mayo,20-mayo-2019,20 ,05,19
mayo,27-mayo-2019,27 ,05,19
junio,3-junio-2019,3 ,06,19
junio,10-junio-2019,10 ,06,19
junio,17-junio-2019,17 ,06,19
junio,24-junio-2019,24 ,06,19
julio,1-julio-2019,1 ,07,19
julio,8-julio-2019,8 ,07,19
julio,15-julio-2019,15 ,07,19
julio,22-julio-2019,22 ,07,19
julio,29-julio-2019,29 ,07,19
agosto,5-agosto-2019,5 ,08,19
agosto,12-agosto-2019,12 ,08,19
agosto,19-agosto-2019,19 ,08,19
agosto,26-agosto-2019,26 ,08,19
septiembre,2-septiembre-2019,2 ,09,19
septiembre,9-septiembre-2019,9 ,09,19
septiembre,16-septiembre-2019,16 ,09,19
septiembre,23-septiembre-2019,23 ,09,19
septiembre,30-septiembre-2019,30 ,09,19
octubre,7-octubre-2019,7 ,10,19
octubre,14-octubre-2019,14 ,10,19
octubre,21-octubre-2019,21 ,10,19
octubre,28-octubre-2019,28 ,10,19
noviembre,4-noviembre-2019,4 ,11,19
noviembre,11-noviembre-2019,11 ,11,19
noviembre,18-noviembre-2019,18 ,11,19
noviembre,25-noviembre-2019,25 ,11,19
diciembre,2-diciembre-2019,2 ,12,19
diciembre,9-diciembre-2019,9 ,12,19
diciembre,16-diciembre-2019,16 ,12,19
diciembre,23-diciembre-2019,23 ,12,19
diciembre,30-diciembre-2019,30 ,12,19
enero,6-enero-2020,6 ,01,20
enero,13-enero-2020,13 ,01,20
enero,20-enero-2020,20 ,01,20
enero,27-enero-2020,27 ,01,20
febrero,3-febrero-2020,3 ,02,20
febrero,10-febrero-2020,10 ,02,20
febrero,17-febrero-2020,17 ,02,20
febrero,24-febrero-2020,24 ,02,20
marzo,2-marzo-2020,2 ,03,20
marzo,9-marzo-2020,9 ,03,20
marzo,16-marzo-2020,16 ,03,20
marzo,23-marzo-2020,23 ,03,20
marzo,30-marzo-2020,30 ,03,20
abril,6-abril-2020,6 ,04,20
abril,13-abril-2020,13 ,04,20
abril,20-abril-2020,20 ,04,20
abril,27-abril-2020,27 ,04,20
mayo,4-mayo-2020,4 ,05,20
mayo,11-mayo-2020,11 ,05,20
mayo,18-mayo-2020,18 ,05,20
mayo,25-mayo-2020,25 ,05,20
junio,1-junio-2020,1 ,06,20
junio,8-junio-2020,8 ,06,20
junio,15-junio-2020,15 ,06,20
junio,22-junio-2020,22 ,06,20
junio,29-junio-2020,29 ,06,20
